﻿{"cameraMode":{"drawMode":0,"name":"Shaded","section":"Shading Mode"},"sceneLighting":true,"audioPlay":false,"sceneViewState":{"showFog":true,"showMaterialUpdate":false,"showSkybox":true,"showFlares":true,"showImageEffects":true,"showParticleSystems":true},"in2DMode":false,"pivot":{"x":8.07245922088623,"y":-54.53704071044922,"z":-68.5654525756836},"rotation":{"x":-0.0063570719212293629,"y":-0.887600839138031,"z":0.46040642261505129,"w":-0.012257350608706475},"size":128.2484130859375,"orthographic":false}